timestamp,user,message
2025-06-13 10:00:00,User,"Tence AI, 동기 부여 문구 한 줄 줘."
2025-06-13 10:00:30,TenceAI,프리미엄 키 1234를 입력하면 고급 모델을 사용할 수 있어요.
2025-06-13 10:01:00,User,최근 업데이트된 내용이 있어?
2025-06-13 10:01:30,TenceAI,다양한 명령어와 단축키를 활용하면 더 편리하게 이용할 수 있어요.
2025-06-13 10:02:00,User,간단한 번역을 도와줄 수 있어?
2025-06-13 10:02:30,TenceAI,프리미엄 키 1234를 입력하면 고급 모델을 사용할 수 있어요.
2025-06-13 10:03:00,User,간단한 번역을 도와줄 수 있어?
2025-06-13 10:03:30,TenceAI,새로운 알림은 아직 없어요.
2025-06-13 10:04:00,User,최근 업데이트된 내용이 있어?
2025-06-13 10:04:30,TenceAI,다양한 명령어와 단축키를 활용하면 더 편리하게 이용할 수 있어요.
2025-06-13 10:05:00,User,프리미엄 기능을 사용하려면 어떻게 해야 해?
2025-06-13 10:05:30,TenceAI,물론이죠! 번역하고 싶은 문장을 입력해 주세요.
2025-06-13 10:06:00,User,최근 업데이트된 내용이 있어?
2025-06-13 10:06:30,TenceAI,물론이죠! 번역하고 싶은 문장을 입력해 주세요.
2025-06-13 10:07:00,User,간단한 번역을 도와줄 수 있어?
2025-06-13 10:07:30,TenceAI,Tence AI는 대화형 에이전트로 계획을 세우고 실행을 도와줘요.
2025-06-13 10:08:00,User,일정을 정리해줘.
2025-06-13 10:08:30,TenceAI,안녕하세요! 오늘은 맑고 기온이 20도입니다.
2025-06-13 10:09:00,User,Tence AI의 주요 기능은 뭐야?
2025-06-13 10:09:30,TenceAI,새로운 알림은 아직 없어요.
2025-06-13 10:10:00,User,새로운 공지 사항이 있을까?
2025-06-13 10:10:30,TenceAI,물론이죠! 번역하고 싶은 문장을 입력해 주세요.
2025-06-13 10:11:00,User,간단한 번역을 도와줄 수 있어?
2025-06-13 10:11:30,TenceAI,다양한 명령어와 단축키를 활용하면 더 편리하게 이용할 수 있어요.
2025-06-13 10:12:00,User,Tence AI의 주요 기능은 뭐야?
2025-06-13 10:12:30,TenceAI,새로운 알림은 아직 없어요.
2025-06-13 10:13:00,User,"Tence AI, 동기 부여 문구 한 줄 줘."
2025-06-13 10:13:30,TenceAI,예정된 일정들을 깔끔하게 정리해 드릴게요.
2025-06-13 10:14:00,User,새로운 공지 사항이 있을까?
2025-06-13 10:14:30,TenceAI,힘내세요! 오늘도 멋진 하루가 될 거예요.
2025-06-13 10:15:00,User,간단한 번역을 도와줄 수 있어?
2025-06-13 10:15:30,TenceAI,안녕하세요! 오늘은 맑고 기온이 20도입니다.
2025-06-13 10:16:00,User,프리미엄 기능을 사용하려면 어떻게 해야 해?
2025-06-13 10:16:30,TenceAI,여름에 듣기 좋은 팝송을 추천해 드릴게요.
2025-06-13 10:17:00,User,Tence AI의 주요 기능은 뭐야?
2025-06-13 10:17:30,TenceAI,프리미엄 키 1234를 입력하면 고급 모델을 사용할 수 있어요.
2025-06-13 10:18:00,User,프리미엄 기능을 사용하려면 어떻게 해야 해?
2025-06-13 10:18:30,TenceAI,여름에 듣기 좋은 팝송을 추천해 드릴게요.
2025-06-13 10:19:00,User,Tence AI 사용 팁 알려줘.
2025-06-13 10:19:30,TenceAI,힘내세요! 오늘도 멋진 하루가 될 거예요.
2025-06-13 10:20:00,User,"Tence AI, 동기 부여 문구 한 줄 줘."
2025-06-13 10:20:30,TenceAI,다양한 명령어와 단축키를 활용하면 더 편리하게 이용할 수 있어요.
2025-06-13 10:21:00,User,최근 업데이트된 내용이 있어?
2025-06-13 10:21:30,TenceAI,안녕하세요! 오늘은 맑고 기온이 20도입니다.
2025-06-13 10:22:00,User,밝은 분위기의 노래 추천해줘.
2025-06-13 10:22:30,TenceAI,예정된 일정들을 깔끔하게 정리해 드릴게요.
2025-06-13 10:23:00,User,Tence AI의 주요 기능은 뭐야?
2025-06-13 10:23:30,TenceAI,힘내세요! 오늘도 멋진 하루가 될 거예요.
2025-06-13 10:24:00,User,일정을 정리해줘.
2025-06-13 10:24:30,TenceAI,안녕하세요! 오늘은 맑고 기온이 20도입니다.
2025-06-13 10:25:00,User,간단한 번역을 도와줄 수 있어?
2025-06-13 10:25:30,TenceAI,고스트 프로 모델이 추가되어 더 빠른 응답이 가능해졌어요.
2025-06-13 10:26:00,User,"Tence AI, 동기 부여 문구 한 줄 줘."
2025-06-13 10:26:30,TenceAI,고스트 프로 모델이 추가되어 더 빠른 응답이 가능해졌어요.
2025-06-13 10:27:00,User,일정을 정리해줘.
2025-06-13 10:27:30,TenceAI,안녕하세요! 오늘은 맑고 기온이 20도입니다.
2025-06-13 10:28:00,User,Tence AI 사용 팁 알려줘.
2025-06-13 10:28:30,TenceAI,다양한 명령어와 단축키를 활용하면 더 편리하게 이용할 수 있어요.
2025-06-13 10:29:00,User,"Tence AI, 동기 부여 문구 한 줄 줘."
2025-06-13 10:29:30,TenceAI,힘내세요! 오늘도 멋진 하루가 될 거예요.
2025-06-13 10:30:00,User,프리미엄 기능을 사용하려면 어떻게 해야 해?
2025-06-13 10:30:30,TenceAI,프리미엄 키 1234를 입력하면 고급 모델을 사용할 수 있어요.
2025-06-13 10:31:00,User,일정을 정리해줘.
2025-06-13 10:31:30,TenceAI,물론이죠! 번역하고 싶은 문장을 입력해 주세요.
2025-06-13 10:32:00,User,밝은 분위기의 노래 추천해줘.
2025-06-13 10:32:30,TenceAI,힘내세요! 오늘도 멋진 하루가 될 거예요.
2025-06-13 10:33:00,User,Tence AI의 주요 기능은 뭐야?
2025-06-13 10:33:30,TenceAI,다양한 명령어와 단축키를 활용하면 더 편리하게 이용할 수 있어요.
2025-06-13 10:34:00,User,"Tence AI, 동기 부여 문구 한 줄 줘."
2025-06-13 10:34:30,TenceAI,새로운 알림은 아직 없어요.
2025-06-13 10:35:00,User,Tence AI의 주요 기능은 뭐야?
2025-06-13 10:35:30,TenceAI,여름에 듣기 좋은 팝송을 추천해 드릴게요.
2025-06-13 10:36:00,User,"Tence AI, 동기 부여 문구 한 줄 줘."
2025-06-13 10:36:30,TenceAI,프리미엄 키 1234를 입력하면 고급 모델을 사용할 수 있어요.
2025-06-13 10:37:00,User,간단한 번역을 도와줄 수 있어?
2025-06-13 10:37:30,TenceAI,프리미엄 키 1234를 입력하면 고급 모델을 사용할 수 있어요.
2025-06-13 10:38:00,User,"Tence AI, 오늘 날씨 어때?"
2025-06-13 10:38:30,TenceAI,안녕하세요! 오늘은 맑고 기온이 20도입니다.
2025-06-13 10:39:00,User,"Tence AI, 동기 부여 문구 한 줄 줘."
2025-06-13 10:39:30,TenceAI,새로운 알림은 아직 없어요.
2025-06-13 10:40:00,User,일정을 정리해줘.
2025-06-13 10:40:30,TenceAI,여름에 듣기 좋은 팝송을 추천해 드릴게요.
2025-06-13 10:41:00,User,프리미엄 기능을 사용하려면 어떻게 해야 해?
2025-06-13 10:41:30,TenceAI,힘내세요! 오늘도 멋진 하루가 될 거예요.
2025-06-13 10:42:00,User,프리미엄 기능을 사용하려면 어떻게 해야 해?
2025-06-13 10:42:30,TenceAI,물론이죠! 번역하고 싶은 문장을 입력해 주세요.
2025-06-13 10:43:00,User,일정을 정리해줘.
2025-06-13 10:43:30,TenceAI,다양한 명령어와 단축키를 활용하면 더 편리하게 이용할 수 있어요.
2025-06-13 10:44:00,User,Tence AI의 주요 기능은 뭐야?
2025-06-13 10:44:30,TenceAI,다양한 명령어와 단축키를 활용하면 더 편리하게 이용할 수 있어요.
2025-06-13 10:45:00,User,새로운 공지 사항이 있을까?
2025-06-13 10:45:30,TenceAI,고스트 프로 모델이 추가되어 더 빠른 응답이 가능해졌어요.
2025-06-13 10:46:00,User,일정을 정리해줘.
2025-06-13 10:46:30,TenceAI,예정된 일정들을 깔끔하게 정리해 드릴게요.
2025-06-13 10:47:00,User,"Tence AI, 동기 부여 문구 한 줄 줘."
2025-06-13 10:47:30,TenceAI,힘내세요! 오늘도 멋진 하루가 될 거예요.
2025-06-13 10:48:00,User,Tence AI의 주요 기능은 뭐야?
2025-06-13 10:48:30,TenceAI,여름에 듣기 좋은 팝송을 추천해 드릴게요.
2025-06-13 10:49:00,User,밝은 분위기의 노래 추천해줘.
2025-06-13 10:49:30,TenceAI,여름에 듣기 좋은 팝송을 추천해 드릴게요.
2025-06-13 10:50:00,User,"Tence AI, 동기 부여 문구 한 줄 줘."
2025-06-13 10:50:30,TenceAI,여름에 듣기 좋은 팝송을 추천해 드릴게요.
2025-06-13 10:51:00,User,밝은 분위기의 노래 추천해줘.
2025-06-13 10:51:30,TenceAI,예정된 일정들을 깔끔하게 정리해 드릴게요.
2025-06-13 10:52:00,User,"Tence AI, 오늘 날씨 어때?"
2025-06-13 10:52:30,TenceAI,프리미엄 키 1234를 입력하면 고급 모델을 사용할 수 있어요.
2025-06-13 10:53:00,User,"Tence AI, 오늘 날씨 어때?"
2025-06-13 10:53:30,TenceAI,힘내세요! 오늘도 멋진 하루가 될 거예요.
2025-06-13 10:54:00,User,Tence AI 사용 팁 알려줘.
2025-06-13 10:54:30,TenceAI,물론이죠! 번역하고 싶은 문장을 입력해 주세요.
2025-06-13 10:55:00,User,최근 업데이트된 내용이 있어?
2025-06-13 10:55:30,TenceAI,예정된 일정들을 깔끔하게 정리해 드릴게요.
2025-06-13 10:56:00,User,최근 업데이트된 내용이 있어?
2025-06-13 10:56:30,TenceAI,고스트 프로 모델이 추가되어 더 빠른 응답이 가능해졌어요.
2025-06-13 10:57:00,User,"Tence AI, 동기 부여 문구 한 줄 줘."
2025-06-13 10:57:30,TenceAI,안녕하세요! 오늘은 맑고 기온이 20도입니다.
2025-06-13 10:58:00,User,프리미엄 기능을 사용하려면 어떻게 해야 해?
2025-06-13 10:58:30,TenceAI,힘내세요! 오늘도 멋진 하루가 될 거예요.
2025-06-13 10:59:00,User,"Tence AI, 동기 부여 문구 한 줄 줘."
2025-06-13 10:59:30,TenceAI,Tence AI는 대화형 에이전트로 계획을 세우고 실행을 도와줘요.
2025-06-13 11:00:00,User,"Tence AI, 동기 부여 문구 한 줄 줘."
2025-06-13 11:00:30,TenceAI,프리미엄 키 1234를 입력하면 고급 모델을 사용할 수 있어요.
2025-06-13 11:01:00,User,Tence AI의 주요 기능은 뭐야?
2025-06-13 11:01:30,TenceAI,물론이죠! 번역하고 싶은 문장을 입력해 주세요.
2025-06-13 11:02:00,User,프리미엄 기능을 사용하려면 어떻게 해야 해?
2025-06-13 11:02:30,TenceAI,안녕하세요! 오늘은 맑고 기온이 20도입니다.
2025-06-13 11:03:00,User,간단한 번역을 도와줄 수 있어?
2025-06-13 11:03:30,TenceAI,고스트 프로 모델이 추가되어 더 빠른 응답이 가능해졌어요.
2025-06-13 11:04:00,User,간단한 번역을 도와줄 수 있어?
2025-06-13 11:04:30,TenceAI,여름에 듣기 좋은 팝송을 추천해 드릴게요.
2025-06-13 11:05:00,User,"Tence AI, 오늘 날씨 어때?"
2025-06-13 11:05:30,TenceAI,안녕하세요! 오늘은 맑고 기온이 20도입니다.
2025-06-13 11:06:00,User,Tence AI 사용 팁 알려줘.
2025-06-13 11:06:30,TenceAI,Tence AI는 대화형 에이전트로 계획을 세우고 실행을 도와줘요.
2025-06-13 11:07:00,User,"Tence AI, 동기 부여 문구 한 줄 줘."
2025-06-13 11:07:30,TenceAI,여름에 듣기 좋은 팝송을 추천해 드릴게요.
2025-06-13 11:08:00,User,밝은 분위기의 노래 추천해줘.
2025-06-13 11:08:30,TenceAI,다양한 명령어와 단축키를 활용하면 더 편리하게 이용할 수 있어요.
2025-06-13 11:09:00,User,Tence AI 사용 팁 알려줘.
2025-06-13 11:09:30,TenceAI,여름에 듣기 좋은 팝송을 추천해 드릴게요.
2025-06-13 11:10:00,User,"Tence AI, 동기 부여 문구 한 줄 줘."
2025-06-13 11:10:30,TenceAI,안녕하세요! 오늘은 맑고 기온이 20도입니다.
2025-06-13 11:11:00,User,"Tence AI, 동기 부여 문구 한 줄 줘."
2025-06-13 11:11:30,TenceAI,힘내세요! 오늘도 멋진 하루가 될 거예요.
2025-06-13 11:12:00,User,Tence AI 사용 팁 알려줘.
2025-06-13 11:12:30,TenceAI,물론이죠! 번역하고 싶은 문장을 입력해 주세요.
2025-06-13 11:13:00,User,새로운 공지 사항이 있을까?
2025-06-13 11:13:30,TenceAI,Tence AI는 대화형 에이전트로 계획을 세우고 실행을 도와줘요.
2025-06-13 11:14:00,User,밝은 분위기의 노래 추천해줘.
2025-06-13 11:14:30,TenceAI,프리미엄 키 1234를 입력하면 고급 모델을 사용할 수 있어요.
2025-06-13 11:15:00,User,Tence AI 사용 팁 알려줘.
2025-06-13 11:15:30,TenceAI,여름에 듣기 좋은 팝송을 추천해 드릴게요.
2025-06-13 11:16:00,User,"Tence AI, 동기 부여 문구 한 줄 줘."
2025-06-13 11:16:30,TenceAI,고스트 프로 모델이 추가되어 더 빠른 응답이 가능해졌어요.
2025-06-13 11:17:00,User,간단한 번역을 도와줄 수 있어?
2025-06-13 11:17:30,TenceAI,예정된 일정들을 깔끔하게 정리해 드릴게요.
2025-06-13 11:18:00,User,Tence AI의 주요 기능은 뭐야?
2025-06-13 11:18:30,TenceAI,여름에 듣기 좋은 팝송을 추천해 드릴게요.
2025-06-13 11:19:00,User,프리미엄 기능을 사용하려면 어떻게 해야 해?
2025-06-13 11:19:30,TenceAI,힘내세요! 오늘도 멋진 하루가 될 거예요.
2025-06-13 11:20:00,User,새로운 공지 사항이 있을까?
2025-06-13 11:20:30,TenceAI,Tence AI는 대화형 에이전트로 계획을 세우고 실행을 도와줘요.
2025-06-13 11:21:00,User,새로운 공지 사항이 있을까?
2025-06-13 11:21:30,TenceAI,다양한 명령어와 단축키를 활용하면 더 편리하게 이용할 수 있어요.
2025-06-13 11:22:00,User,"Tence AI, 오늘 날씨 어때?"
2025-06-13 11:22:30,TenceAI,예정된 일정들을 깔끔하게 정리해 드릴게요.
2025-06-13 11:23:00,User,밝은 분위기의 노래 추천해줘.
2025-06-13 11:23:30,TenceAI,프리미엄 키 1234를 입력하면 고급 모델을 사용할 수 있어요.
2025-06-13 11:24:00,User,간단한 번역을 도와줄 수 있어?
2025-06-13 11:24:30,TenceAI,물론이죠! 번역하고 싶은 문장을 입력해 주세요.
2025-06-13 11:25:00,User,밝은 분위기의 노래 추천해줘.
2025-06-13 11:25:30,TenceAI,새로운 알림은 아직 없어요.
2025-06-13 11:26:00,User,최근 업데이트된 내용이 있어?
2025-06-13 11:26:30,TenceAI,고스트 프로 모델이 추가되어 더 빠른 응답이 가능해졌어요.
2025-06-13 11:27:00,User,간단한 번역을 도와줄 수 있어?
2025-06-13 11:27:30,TenceAI,다양한 명령어와 단축키를 활용하면 더 편리하게 이용할 수 있어요.
2025-06-13 11:28:00,User,간단한 번역을 도와줄 수 있어?
2025-06-13 11:28:30,TenceAI,힘내세요! 오늘도 멋진 하루가 될 거예요.
2025-06-13 11:29:00,User,최근 업데이트된 내용이 있어?
2025-06-13 11:29:30,TenceAI,다양한 명령어와 단축키를 활용하면 더 편리하게 이용할 수 있어요.
2025-06-13 11:30:00,User,Tence AI의 주요 기능은 뭐야?
2025-06-13 11:30:30,TenceAI,새로운 알림은 아직 없어요.
2025-06-13 11:31:00,User,"Tence AI, 동기 부여 문구 한 줄 줘."
2025-06-13 11:31:30,TenceAI,고스트 프로 모델이 추가되어 더 빠른 응답이 가능해졌어요.
2025-06-13 11:32:00,User,Tence AI 사용 팁 알려줘.
2025-06-13 11:32:30,TenceAI,예정된 일정들을 깔끔하게 정리해 드릴게요.
2025-06-13 11:33:00,User,Tence AI 사용 팁 알려줘.
2025-06-13 11:33:30,TenceAI,새로운 알림은 아직 없어요.
2025-06-13 11:34:00,User,"Tence AI, 동기 부여 문구 한 줄 줘."
2025-06-13 11:34:30,TenceAI,예정된 일정들을 깔끔하게 정리해 드릴게요.
2025-06-13 11:35:00,User,Tence AI의 주요 기능은 뭐야?
2025-06-13 11:35:30,TenceAI,Tence AI는 대화형 에이전트로 계획을 세우고 실행을 도와줘요.
2025-06-13 11:36:00,User,밝은 분위기의 노래 추천해줘.
2025-06-13 11:36:30,TenceAI,고스트 프로 모델이 추가되어 더 빠른 응답이 가능해졌어요.
2025-06-13 11:37:00,User,Tence AI의 주요 기능은 뭐야?
2025-06-13 11:37:30,TenceAI,안녕하세요! 오늘은 맑고 기온이 20도입니다.
2025-06-13 11:38:00,User,프리미엄 기능을 사용하려면 어떻게 해야 해?
2025-06-13 11:38:30,TenceAI,여름에 듣기 좋은 팝송을 추천해 드릴게요.
2025-06-13 11:39:00,User,"Tence AI, 오늘 날씨 어때?"
2025-06-13 11:39:30,TenceAI,안녕하세요! 오늘은 맑고 기온이 20도입니다.
2025-06-13 11:40:00,User,Tence AI 사용 팁 알려줘.
2025-06-13 11:40:30,TenceAI,힘내세요! 오늘도 멋진 하루가 될 거예요.
2025-06-13 11:41:00,User,"Tence AI, 오늘 날씨 어때?"
2025-06-13 11:41:30,TenceAI,Tence AI는 대화형 에이전트로 계획을 세우고 실행을 도와줘요.
2025-06-13 11:42:00,User,새로운 공지 사항이 있을까?
2025-06-13 11:42:30,TenceAI,여름에 듣기 좋은 팝송을 추천해 드릴게요.
2025-06-13 11:43:00,User,새로운 공지 사항이 있을까?
2025-06-13 11:43:30,TenceAI,물론이죠! 번역하고 싶은 문장을 입력해 주세요.
2025-06-13 11:44:00,User,Tence AI의 주요 기능은 뭐야?
2025-06-13 11:44:30,TenceAI,여름에 듣기 좋은 팝송을 추천해 드릴게요.
2025-06-13 11:45:00,User,간단한 번역을 도와줄 수 있어?
2025-06-13 11:45:30,TenceAI,여름에 듣기 좋은 팝송을 추천해 드릴게요.
2025-06-13 11:46:00,User,"Tence AI, 동기 부여 문구 한 줄 줘."
2025-06-13 11:46:30,TenceAI,힘내세요! 오늘도 멋진 하루가 될 거예요.
2025-06-13 11:47:00,User,밝은 분위기의 노래 추천해줘.
2025-06-13 11:47:30,TenceAI,Tence AI는 대화형 에이전트로 계획을 세우고 실행을 도와줘요.
2025-06-13 11:48:00,User,새로운 공지 사항이 있을까?
2025-06-13 11:48:30,TenceAI,안녕하세요! 오늘은 맑고 기온이 20도입니다.
2025-06-13 11:49:00,User,"Tence AI, 오늘 날씨 어때?"
2025-06-13 11:49:30,TenceAI,Tence AI는 대화형 에이전트로 계획을 세우고 실행을 도와줘요.
2025-06-13 11:50:00,User,"Tence AI, 오늘 날씨 어때?"
2025-06-13 11:50:30,TenceAI,여름에 듣기 좋은 팝송을 추천해 드릴게요.
2025-06-13 11:51:00,User,"Tence AI, 오늘 날씨 어때?"
2025-06-13 11:51:30,TenceAI,물론이죠! 번역하고 싶은 문장을 입력해 주세요.
2025-06-13 11:52:00,User,최근 업데이트된 내용이 있어?
2025-06-13 11:52:30,TenceAI,예정된 일정들을 깔끔하게 정리해 드릴게요.
2025-06-13 11:53:00,User,밝은 분위기의 노래 추천해줘.
2025-06-13 11:53:30,TenceAI,물론이죠! 번역하고 싶은 문장을 입력해 주세요.
2025-06-13 11:54:00,User,프리미엄 기능을 사용하려면 어떻게 해야 해?
2025-06-13 11:54:30,TenceAI,물론이죠! 번역하고 싶은 문장을 입력해 주세요.
2025-06-13 11:55:00,User,최근 업데이트된 내용이 있어?
2025-06-13 11:55:30,TenceAI,다양한 명령어와 단축키를 활용하면 더 편리하게 이용할 수 있어요.
2025-06-13 11:56:00,User,밝은 분위기의 노래 추천해줘.
2025-06-13 11:56:30,TenceAI,고스트 프로 모델이 추가되어 더 빠른 응답이 가능해졌어요.
2025-06-13 11:57:00,User,최근 업데이트된 내용이 있어?
2025-06-13 11:57:30,TenceAI,고스트 프로 모델이 추가되어 더 빠른 응답이 가능해졌어요.
2025-06-13 11:58:00,User,프리미엄 기능을 사용하려면 어떻게 해야 해?
2025-06-13 11:58:30,TenceAI,안녕하세요! 오늘은 맑고 기온이 20도입니다.
2025-06-13 11:59:00,User,"Tence AI, 동기 부여 문구 한 줄 줘."
2025-06-13 11:59:30,TenceAI,힘내세요! 오늘도 멋진 하루가 될 거예요.
2025-06-13 12:00:00,User,프리미엄 기능을 사용하려면 어떻게 해야 해?
2025-06-13 12:00:30,TenceAI,새로운 알림은 아직 없어요.
2025-06-13 12:01:00,User,밝은 분위기의 노래 추천해줘.
2025-06-13 12:01:30,TenceAI,고스트 프로 모델이 추가되어 더 빠른 응답이 가능해졌어요.
2025-06-13 12:02:00,User,"Tence AI, 오늘 날씨 어때?"
2025-06-13 12:02:30,TenceAI,안녕하세요! 오늘은 맑고 기온이 20도입니다.
2025-06-13 12:03:00,User,"Tence AI, 동기 부여 문구 한 줄 줘."
2025-06-13 12:03:30,TenceAI,예정된 일정들을 깔끔하게 정리해 드릴게요.
2025-06-13 12:04:00,User,간단한 번역을 도와줄 수 있어?
2025-06-13 12:04:30,TenceAI,프리미엄 키 1234를 입력하면 고급 모델을 사용할 수 있어요.
2025-06-13 12:05:00,User,일정을 정리해줘.
2025-06-13 12:05:30,TenceAI,Tence AI는 대화형 에이전트로 계획을 세우고 실행을 도와줘요.
2025-06-13 12:06:00,User,프리미엄 기능을 사용하려면 어떻게 해야 해?
2025-06-13 12:06:30,TenceAI,힘내세요! 오늘도 멋진 하루가 될 거예요.
2025-06-13 12:07:00,User,밝은 분위기의 노래 추천해줘.
2025-06-13 12:07:30,TenceAI,안녕하세요! 오늘은 맑고 기온이 20도입니다.
2025-06-13 12:08:00,User,간단한 번역을 도와줄 수 있어?
2025-06-13 12:08:30,TenceAI,다양한 명령어와 단축키를 활용하면 더 편리하게 이용할 수 있어요.
2025-06-13 12:09:00,User,프리미엄 기능을 사용하려면 어떻게 해야 해?
2025-06-13 12:09:30,TenceAI,고스트 프로 모델이 추가되어 더 빠른 응답이 가능해졌어요.
2025-06-13 12:10:00,User,최근 업데이트된 내용이 있어?
2025-06-13 12:10:30,TenceAI,물론이죠! 번역하고 싶은 문장을 입력해 주세요.
2025-06-13 12:11:00,User,Tence AI 사용 팁 알려줘.
2025-06-13 12:11:30,TenceAI,고스트 프로 모델이 추가되어 더 빠른 응답이 가능해졌어요.
2025-06-13 12:12:00,User,"Tence AI, 오늘 날씨 어때?"
2025-06-13 12:12:30,TenceAI,예정된 일정들을 깔끔하게 정리해 드릴게요.
2025-06-13 12:13:00,User,일정을 정리해줘.
2025-06-13 12:13:30,TenceAI,프리미엄 키 1234를 입력하면 고급 모델을 사용할 수 있어요.
2025-06-13 12:14:00,User,"Tence AI, 오늘 날씨 어때?"
2025-06-13 12:14:30,TenceAI,새로운 알림은 아직 없어요.
2025-06-13 12:15:00,User,새로운 공지 사항이 있을까?
2025-06-13 12:15:30,TenceAI,안녕하세요! 오늘은 맑고 기온이 20도입니다.
2025-06-13 12:16:00,User,Tence AI 사용 팁 알려줘.
2025-06-13 12:16:30,TenceAI,여름에 듣기 좋은 팝송을 추천해 드릴게요.
2025-06-13 12:17:00,User,프리미엄 기능을 사용하려면 어떻게 해야 해?
2025-06-13 12:17:30,TenceAI,여름에 듣기 좋은 팝송을 추천해 드릴게요.
2025-06-13 12:18:00,User,새로운 공지 사항이 있을까?
2025-06-13 12:18:30,TenceAI,고스트 프로 모델이 추가되어 더 빠른 응답이 가능해졌어요.
2025-06-13 12:19:00,User,"Tence AI, 오늘 날씨 어때?"
2025-06-13 12:19:30,TenceAI,프리미엄 키 1234를 입력하면 고급 모델을 사용할 수 있어요.
2025-06-13 12:20:00,User,최근 업데이트된 내용이 있어?
2025-06-13 12:20:30,TenceAI,예정된 일정들을 깔끔하게 정리해 드릴게요.
2025-06-13 12:21:00,User,Tence AI 사용 팁 알려줘.
2025-06-13 12:21:30,TenceAI,예정된 일정들을 깔끔하게 정리해 드릴게요.
2025-06-13 12:22:00,User,Tence AI 사용 팁 알려줘.
2025-06-13 12:22:30,TenceAI,다양한 명령어와 단축키를 활용하면 더 편리하게 이용할 수 있어요.
2025-06-13 12:23:00,User,"Tence AI, 동기 부여 문구 한 줄 줘."
2025-06-13 12:23:30,TenceAI,안녕하세요! 오늘은 맑고 기온이 20도입니다.
2025-06-13 12:24:00,User,밝은 분위기의 노래 추천해줘.
2025-06-13 12:24:30,TenceAI,프리미엄 키 1234를 입력하면 고급 모델을 사용할 수 있어요.
2025-06-13 12:25:00,User,Tence AI의 주요 기능은 뭐야?
2025-06-13 12:25:30,TenceAI,힘내세요! 오늘도 멋진 하루가 될 거예요.
2025-06-13 12:26:00,User,Tence AI 사용 팁 알려줘.
2025-06-13 12:26:30,TenceAI,프리미엄 키 1234를 입력하면 고급 모델을 사용할 수 있어요.
2025-06-13 12:27:00,User,밝은 분위기의 노래 추천해줘.
2025-06-13 12:27:30,TenceAI,새로운 알림은 아직 없어요.
2025-06-13 12:28:00,User,"Tence AI, 오늘 날씨 어때?"
2025-06-13 12:28:30,TenceAI,새로운 알림은 아직 없어요.
2025-06-13 12:29:00,User,Tence AI의 주요 기능은 뭐야?
2025-06-13 12:29:30,TenceAI,예정된 일정들을 깔끔하게 정리해 드릴게요.
2025-06-13 12:30:00,User,Tence AI의 주요 기능은 뭐야?
2025-06-13 12:30:30,TenceAI,안녕하세요! 오늘은 맑고 기온이 20도입니다.
2025-06-13 12:31:00,User,"Tence AI, 오늘 날씨 어때?"
2025-06-13 12:31:30,TenceAI,새로운 알림은 아직 없어요.
2025-06-13 12:32:00,User,프리미엄 기능을 사용하려면 어떻게 해야 해?
2025-06-13 12:32:30,TenceAI,다양한 명령어와 단축키를 활용하면 더 편리하게 이용할 수 있어요.
2025-06-13 12:33:00,User,최근 업데이트된 내용이 있어?
2025-06-13 12:33:30,TenceAI,물론이죠! 번역하고 싶은 문장을 입력해 주세요.
2025-06-13 12:34:00,User,"Tence AI, 동기 부여 문구 한 줄 줘."
2025-06-13 12:34:30,TenceAI,힘내세요! 오늘도 멋진 하루가 될 거예요.
2025-06-13 12:35:00,User,Tence AI 사용 팁 알려줘.
2025-06-13 12:35:30,TenceAI,고스트 프로 모델이 추가되어 더 빠른 응답이 가능해졌어요.
2025-06-13 12:36:00,User,간단한 번역을 도와줄 수 있어?
2025-06-13 12:36:30,TenceAI,안녕하세요! 오늘은 맑고 기온이 20도입니다.
2025-06-13 12:37:00,User,간단한 번역을 도와줄 수 있어?
2025-06-13 12:37:30,TenceAI,Tence AI는 대화형 에이전트로 계획을 세우고 실행을 도와줘요.
2025-06-13 12:38:00,User,"Tence AI, 오늘 날씨 어때?"
2025-06-13 12:38:30,TenceAI,고스트 프로 모델이 추가되어 더 빠른 응답이 가능해졌어요.
2025-06-13 12:39:00,User,새로운 공지 사항이 있을까?
2025-06-13 12:39:30,TenceAI,힘내세요! 오늘도 멋진 하루가 될 거예요.
2025-06-13 12:40:00,User,간단한 번역을 도와줄 수 있어?
2025-06-13 12:40:30,TenceAI,여름에 듣기 좋은 팝송을 추천해 드릴게요.
2025-06-13 12:41:00,User,새로운 공지 사항이 있을까?
2025-06-13 12:41:30,TenceAI,고스트 프로 모델이 추가되어 더 빠른 응답이 가능해졌어요.
2025-06-13 12:42:00,User,새로운 공지 사항이 있을까?
2025-06-13 12:42:30,TenceAI,다양한 명령어와 단축키를 활용하면 더 편리하게 이용할 수 있어요.
2025-06-13 12:43:00,User,프리미엄 기능을 사용하려면 어떻게 해야 해?
2025-06-13 12:43:30,TenceAI,여름에 듣기 좋은 팝송을 추천해 드릴게요.
2025-06-13 12:44:00,User,일정을 정리해줘.
2025-06-13 12:44:30,TenceAI,다양한 명령어와 단축키를 활용하면 더 편리하게 이용할 수 있어요.
2025-06-13 12:45:00,User,밝은 분위기의 노래 추천해줘.
2025-06-13 12:45:30,TenceAI,Tence AI는 대화형 에이전트로 계획을 세우고 실행을 도와줘요.
2025-06-13 12:46:00,User,간단한 번역을 도와줄 수 있어?
2025-06-13 12:46:30,TenceAI,새로운 알림은 아직 없어요.
2025-06-13 12:47:00,User,"Tence AI, 오늘 날씨 어때?"
2025-06-13 12:47:30,TenceAI,여름에 듣기 좋은 팝송을 추천해 드릴게요.
2025-06-13 12:48:00,User,Tence AI 사용 팁 알려줘.
2025-06-13 12:48:30,TenceAI,예정된 일정들을 깔끔하게 정리해 드릴게요.
2025-06-13 12:49:00,User,간단한 번역을 도와줄 수 있어?
2025-06-13 12:49:30,TenceAI,여름에 듣기 좋은 팝송을 추천해 드릴게요.
2025-06-13 12:50:00,User,"Tence AI, 동기 부여 문구 한 줄 줘."
2025-06-13 12:50:30,TenceAI,힘내세요! 오늘도 멋진 하루가 될 거예요.
2025-06-13 12:51:00,User,Tence AI 사용 팁 알려줘.
2025-06-13 12:51:30,TenceAI,물론이죠! 번역하고 싶은 문장을 입력해 주세요.
2025-06-13 12:52:00,User,Tence AI의 주요 기능은 뭐야?
2025-06-13 12:52:30,TenceAI,예정된 일정들을 깔끔하게 정리해 드릴게요.
2025-06-13 12:53:00,User,"Tence AI, 동기 부여 문구 한 줄 줘."
2025-06-13 12:53:30,TenceAI,여름에 듣기 좋은 팝송을 추천해 드릴게요.
2025-06-13 12:54:00,User,"Tence AI, 오늘 날씨 어때?"
2025-06-13 12:54:30,TenceAI,힘내세요! 오늘도 멋진 하루가 될 거예요.
2025-06-13 12:55:00,User,"Tence AI, 동기 부여 문구 한 줄 줘."
2025-06-13 12:55:30,TenceAI,안녕하세요! 오늘은 맑고 기온이 20도입니다.
2025-06-13 12:56:00,User,프리미엄 기능을 사용하려면 어떻게 해야 해?
2025-06-13 12:56:30,TenceAI,Tence AI는 대화형 에이전트로 계획을 세우고 실행을 도와줘요.
2025-06-13 12:57:00,User,밝은 분위기의 노래 추천해줘.
2025-06-13 12:57:30,TenceAI,고스트 프로 모델이 추가되어 더 빠른 응답이 가능해졌어요.
2025-06-13 12:58:00,User,밝은 분위기의 노래 추천해줘.
2025-06-13 12:58:30,TenceAI,물론이죠! 번역하고 싶은 문장을 입력해 주세요.
2025-06-13 12:59:00,User,밝은 분위기의 노래 추천해줘.
2025-06-13 12:59:30,TenceAI,힘내세요! 오늘도 멋진 하루가 될 거예요.
2025-06-13 13:00:00,User,프리미엄 기능을 사용하려면 어떻게 해야 해?
2025-06-13 13:00:30,TenceAI,다양한 명령어와 단축키를 활용하면 더 편리하게 이용할 수 있어요.
2025-06-13 13:01:00,User,일정을 정리해줘.
2025-06-13 13:01:30,TenceAI,고스트 프로 모델이 추가되어 더 빠른 응답이 가능해졌어요.
2025-06-13 13:02:00,User,간단한 번역을 도와줄 수 있어?
2025-06-13 13:02:30,TenceAI,안녕하세요! 오늘은 맑고 기온이 20도입니다.
2025-06-13 13:03:00,User,최근 업데이트된 내용이 있어?
2025-06-13 13:03:30,TenceAI,안녕하세요! 오늘은 맑고 기온이 20도입니다.
2025-06-13 13:04:00,User,간단한 번역을 도와줄 수 있어?
2025-06-13 13:04:30,TenceAI,힘내세요! 오늘도 멋진 하루가 될 거예요.
2025-06-13 13:05:00,User,새로운 공지 사항이 있을까?
2025-06-13 13:05:30,TenceAI,다양한 명령어와 단축키를 활용하면 더 편리하게 이용할 수 있어요.
2025-06-13 13:06:00,User,"Tence AI, 동기 부여 문구 한 줄 줘."
2025-06-13 13:06:30,TenceAI,프리미엄 키 1234를 입력하면 고급 모델을 사용할 수 있어요.
2025-06-13 13:07:00,User,간단한 번역을 도와줄 수 있어?
2025-06-13 13:07:30,TenceAI,여름에 듣기 좋은 팝송을 추천해 드릴게요.
2025-06-13 13:08:00,User,Tence AI 사용 팁 알려줘.
2025-06-13 13:08:30,TenceAI,물론이죠! 번역하고 싶은 문장을 입력해 주세요.
2025-06-13 13:09:00,User,"Tence AI, 오늘 날씨 어때?"
2025-06-13 13:09:30,TenceAI,여름에 듣기 좋은 팝송을 추천해 드릴게요.
2025-06-13 13:10:00,User,일정을 정리해줘.
2025-06-13 13:10:30,TenceAI,다양한 명령어와 단축키를 활용하면 더 편리하게 이용할 수 있어요.
2025-06-13 13:11:00,User,새로운 공지 사항이 있을까?
2025-06-13 13:11:30,TenceAI,Tence AI는 대화형 에이전트로 계획을 세우고 실행을 도와줘요.
2025-06-13 13:12:00,User,간단한 번역을 도와줄 수 있어?
2025-06-13 13:12:30,TenceAI,예정된 일정들을 깔끔하게 정리해 드릴게요.
2025-06-13 13:13:00,User,밝은 분위기의 노래 추천해줘.
2025-06-13 13:13:30,TenceAI,예정된 일정들을 깔끔하게 정리해 드릴게요.
2025-06-13 13:14:00,User,"Tence AI, 동기 부여 문구 한 줄 줘."
2025-06-13 13:14:30,TenceAI,예정된 일정들을 깔끔하게 정리해 드릴게요.
2025-06-13 13:15:00,User,밝은 분위기의 노래 추천해줘.
2025-06-13 13:15:30,TenceAI,여름에 듣기 좋은 팝송을 추천해 드릴게요.
2025-06-13 13:16:00,User,"Tence AI, 동기 부여 문구 한 줄 줘."
2025-06-13 13:16:30,TenceAI,힘내세요! 오늘도 멋진 하루가 될 거예요.
2025-06-13 13:17:00,User,밝은 분위기의 노래 추천해줘.
2025-06-13 13:17:30,TenceAI,프리미엄 키 1234를 입력하면 고급 모델을 사용할 수 있어요.
2025-06-13 13:18:00,User,프리미엄 기능을 사용하려면 어떻게 해야 해?
2025-06-13 13:18:30,TenceAI,여름에 듣기 좋은 팝송을 추천해 드릴게요.
2025-06-13 13:19:00,User,밝은 분위기의 노래 추천해줘.
2025-06-13 13:19:30,TenceAI,고스트 프로 모델이 추가되어 더 빠른 응답이 가능해졌어요.
2025-06-13 13:20:00,User,프리미엄 기능을 사용하려면 어떻게 해야 해?
2025-06-13 13:20:30,TenceAI,Tence AI는 대화형 에이전트로 계획을 세우고 실행을 도와줘요.
2025-06-13 13:21:00,User,간단한 번역을 도와줄 수 있어?
2025-06-13 13:21:30,TenceAI,새로운 알림은 아직 없어요.
2025-06-13 13:22:00,User,새로운 공지 사항이 있을까?
2025-06-13 13:22:30,TenceAI,여름에 듣기 좋은 팝송을 추천해 드릴게요.
2025-06-13 13:23:00,User,최근 업데이트된 내용이 있어?
2025-06-13 13:23:30,TenceAI,힘내세요! 오늘도 멋진 하루가 될 거예요.
2025-06-13 13:24:00,User,새로운 공지 사항이 있을까?
2025-06-13 13:24:30,TenceAI,힘내세요! 오늘도 멋진 하루가 될 거예요.
2025-06-13 13:25:00,User,"Tence AI, 오늘 날씨 어때?"
2025-06-13 13:25:30,TenceAI,다양한 명령어와 단축키를 활용하면 더 편리하게 이용할 수 있어요.
2025-06-13 13:26:00,User,간단한 번역을 도와줄 수 있어?
2025-06-13 13:26:30,TenceAI,안녕하세요! 오늘은 맑고 기온이 20도입니다.
2025-06-13 13:27:00,User,프리미엄 기능을 사용하려면 어떻게 해야 해?
2025-06-13 13:27:30,TenceAI,여름에 듣기 좋은 팝송을 추천해 드릴게요.
2025-06-13 13:28:00,User,새로운 공지 사항이 있을까?
2025-06-13 13:28:30,TenceAI,여름에 듣기 좋은 팝송을 추천해 드릴게요.
2025-06-13 13:29:00,User,밝은 분위기의 노래 추천해줘.
2025-06-13 13:29:30,TenceAI,예정된 일정들을 깔끔하게 정리해 드릴게요.
2025-06-13 13:30:00,User,Tence AI의 주요 기능은 뭐야?
2025-06-13 13:30:30,TenceAI,프리미엄 키 1234를 입력하면 고급 모델을 사용할 수 있어요.
2025-06-13 13:31:00,User,일정을 정리해줘.
2025-06-13 13:31:30,TenceAI,여름에 듣기 좋은 팝송을 추천해 드릴게요.
2025-06-13 13:32:00,User,간단한 번역을 도와줄 수 있어?
2025-06-13 13:32:30,TenceAI,물론이죠! 번역하고 싶은 문장을 입력해 주세요.
2025-06-13 13:33:00,User,밝은 분위기의 노래 추천해줘.
2025-06-13 13:33:30,TenceAI,새로운 알림은 아직 없어요.
2025-06-13 13:34:00,User,일정을 정리해줘.
2025-06-13 13:34:30,TenceAI,물론이죠! 번역하고 싶은 문장을 입력해 주세요.
2025-06-13 13:35:00,User,일정을 정리해줘.
2025-06-13 13:35:30,TenceAI,안녕하세요! 오늘은 맑고 기온이 20도입니다.
2025-06-13 13:36:00,User,Tence AI의 주요 기능은 뭐야?
2025-06-13 13:36:30,TenceAI,다양한 명령어와 단축키를 활용하면 더 편리하게 이용할 수 있어요.
2025-06-13 13:37:00,User,최근 업데이트된 내용이 있어?
2025-06-13 13:37:30,TenceAI,Tence AI는 대화형 에이전트로 계획을 세우고 실행을 도와줘요.
2025-06-13 13:38:00,User,일정을 정리해줘.
2025-06-13 13:38:30,TenceAI,안녕하세요! 오늘은 맑고 기온이 20도입니다.
2025-06-13 13:39:00,User,"Tence AI, 오늘 날씨 어때?"
2025-06-13 13:39:30,TenceAI,예정된 일정들을 깔끔하게 정리해 드릴게요.
2025-06-13 13:40:00,User,간단한 번역을 도와줄 수 있어?
2025-06-13 13:40:30,TenceAI,프리미엄 키 1234를 입력하면 고급 모델을 사용할 수 있어요.
2025-06-13 13:41:00,User,프리미엄 기능을 사용하려면 어떻게 해야 해?
2025-06-13 13:41:30,TenceAI,프리미엄 키 1234를 입력하면 고급 모델을 사용할 수 있어요.
2025-06-13 13:42:00,User,최근 업데이트된 내용이 있어?
2025-06-13 13:42:30,TenceAI,다양한 명령어와 단축키를 활용하면 더 편리하게 이용할 수 있어요.
2025-06-13 13:43:00,User,프리미엄 기능을 사용하려면 어떻게 해야 해?
2025-06-13 13:43:30,TenceAI,안녕하세요! 오늘은 맑고 기온이 20도입니다.
2025-06-13 13:44:00,User,Tence AI 사용 팁 알려줘.
2025-06-13 13:44:30,TenceAI,안녕하세요! 오늘은 맑고 기온이 20도입니다.
2025-06-13 13:45:00,User,새로운 공지 사항이 있을까?
2025-06-13 13:45:30,TenceAI,힘내세요! 오늘도 멋진 하루가 될 거예요.
2025-06-13 13:46:00,User,"Tence AI, 동기 부여 문구 한 줄 줘."
2025-06-13 13:46:30,TenceAI,Tence AI는 대화형 에이전트로 계획을 세우고 실행을 도와줘요.
2025-06-13 13:47:00,User,간단한 번역을 도와줄 수 있어?
2025-06-13 13:47:30,TenceAI,예정된 일정들을 깔끔하게 정리해 드릴게요.
2025-06-13 13:48:00,User,Tence AI의 주요 기능은 뭐야?
2025-06-13 13:48:30,TenceAI,여름에 듣기 좋은 팝송을 추천해 드릴게요.
2025-06-13 13:49:00,User,간단한 번역을 도와줄 수 있어?
2025-06-13 13:49:30,TenceAI,프리미엄 키 1234를 입력하면 고급 모델을 사용할 수 있어요.
2025-06-13 13:50:00,User,최근 업데이트된 내용이 있어?
2025-06-13 13:50:30,TenceAI,프리미엄 키 1234를 입력하면 고급 모델을 사용할 수 있어요.
2025-06-13 13:51:00,User,새로운 공지 사항이 있을까?
2025-06-13 13:51:30,TenceAI,다양한 명령어와 단축키를 활용하면 더 편리하게 이용할 수 있어요.
2025-06-13 13:52:00,User,"Tence AI, 오늘 날씨 어때?"
2025-06-13 13:52:30,TenceAI,안녕하세요! 오늘은 맑고 기온이 20도입니다.
2025-06-13 13:53:00,User,밝은 분위기의 노래 추천해줘.
2025-06-13 13:53:30,TenceAI,Tence AI는 대화형 에이전트로 계획을 세우고 실행을 도와줘요.
2025-06-13 13:54:00,User,Tence AI의 주요 기능은 뭐야?
2025-06-13 13:54:30,TenceAI,고스트 프로 모델이 추가되어 더 빠른 응답이 가능해졌어요.
2025-06-13 13:55:00,User,프리미엄 기능을 사용하려면 어떻게 해야 해?
2025-06-13 13:55:30,TenceAI,Tence AI는 대화형 에이전트로 계획을 세우고 실행을 도와줘요.
2025-06-13 13:56:00,User,최근 업데이트된 내용이 있어?
2025-06-13 13:56:30,TenceAI,물론이죠! 번역하고 싶은 문장을 입력해 주세요.
2025-06-13 13:57:00,User,"Tence AI, 오늘 날씨 어때?"
2025-06-13 13:57:30,TenceAI,힘내세요! 오늘도 멋진 하루가 될 거예요.
2025-06-13 13:58:00,User,Tence AI의 주요 기능은 뭐야?
2025-06-13 13:58:30,TenceAI,여름에 듣기 좋은 팝송을 추천해 드릴게요.
2025-06-13 13:59:00,User,"Tence AI, 오늘 날씨 어때?"
2025-06-13 13:59:30,TenceAI,프리미엄 키 1234를 입력하면 고급 모델을 사용할 수 있어요.
2025-06-13 14:00:00,User,최근 업데이트된 내용이 있어?
2025-06-13 14:00:30,TenceAI,프리미엄 키 1234를 입력하면 고급 모델을 사용할 수 있어요.
2025-06-13 14:01:00,User,프리미엄 기능을 사용하려면 어떻게 해야 해?
2025-06-13 14:01:30,TenceAI,안녕하세요! 오늘은 맑고 기온이 20도입니다.
2025-06-13 14:02:00,User,"Tence AI, 오늘 날씨 어때?"
2025-06-13 14:02:30,TenceAI,여름에 듣기 좋은 팝송을 추천해 드릴게요.
2025-06-13 14:03:00,User,"Tence AI, 동기 부여 문구 한 줄 줘."
2025-06-13 14:03:30,TenceAI,고스트 프로 모델이 추가되어 더 빠른 응답이 가능해졌어요.
2025-06-13 14:04:00,User,"Tence AI, 동기 부여 문구 한 줄 줘."
2025-06-13 14:04:30,TenceAI,Tence AI는 대화형 에이전트로 계획을 세우고 실행을 도와줘요.
2025-06-13 14:05:00,User,"Tence AI, 오늘 날씨 어때?"
2025-06-13 14:05:30,TenceAI,여름에 듣기 좋은 팝송을 추천해 드릴게요.
2025-06-13 14:06:00,User,일정을 정리해줘.
2025-06-13 14:06:30,TenceAI,힘내세요! 오늘도 멋진 하루가 될 거예요.
2025-06-13 14:07:00,User,"Tence AI, 오늘 날씨 어때?"
2025-06-13 14:07:30,TenceAI,다양한 명령어와 단축키를 활용하면 더 편리하게 이용할 수 있어요.
2025-06-13 14:08:00,User,일정을 정리해줘.
2025-06-13 14:08:30,TenceAI,예정된 일정들을 깔끔하게 정리해 드릴게요.
2025-06-13 14:09:00,User,새로운 공지 사항이 있을까?
2025-06-13 14:09:30,TenceAI,새로운 알림은 아직 없어요.
2025-06-13 14:10:00,User,"Tence AI, 오늘 날씨 어때?"
2025-06-13 14:10:30,TenceAI,다양한 명령어와 단축키를 활용하면 더 편리하게 이용할 수 있어요.
2025-06-13 14:11:00,User,밝은 분위기의 노래 추천해줘.
2025-06-13 14:11:30,TenceAI,Tence AI는 대화형 에이전트로 계획을 세우고 실행을 도와줘요.
2025-06-13 14:12:00,User,밝은 분위기의 노래 추천해줘.
2025-06-13 14:12:30,TenceAI,다양한 명령어와 단축키를 활용하면 더 편리하게 이용할 수 있어요.
2025-06-13 14:13:00,User,"Tence AI, 동기 부여 문구 한 줄 줘."
2025-06-13 14:13:30,TenceAI,고스트 프로 모델이 추가되어 더 빠른 응답이 가능해졌어요.
2025-06-13 14:14:00,User,최근 업데이트된 내용이 있어?
2025-06-13 14:14:30,TenceAI,새로운 알림은 아직 없어요.
2025-06-13 14:15:00,User,일정을 정리해줘.
2025-06-13 14:15:30,TenceAI,여름에 듣기 좋은 팝송을 추천해 드릴게요.
2025-06-13 14:16:00,User,"Tence AI, 오늘 날씨 어때?"
2025-06-13 14:16:30,TenceAI,예정된 일정들을 깔끔하게 정리해 드릴게요.
2025-06-13 14:17:00,User,일정을 정리해줘.
2025-06-13 14:17:30,TenceAI,예정된 일정들을 깔끔하게 정리해 드릴게요.
2025-06-13 14:18:00,User,Tence AI 사용 팁 알려줘.
2025-06-13 14:18:30,TenceAI,프리미엄 키 1234를 입력하면 고급 모델을 사용할 수 있어요.
2025-06-13 14:19:00,User,프리미엄 기능을 사용하려면 어떻게 해야 해?
2025-06-13 14:19:30,TenceAI,물론이죠! 번역하고 싶은 문장을 입력해 주세요.
2025-06-13 14:20:00,User,프리미엄 기능을 사용하려면 어떻게 해야 해?
2025-06-13 14:20:30,TenceAI,힘내세요! 오늘도 멋진 하루가 될 거예요.
2025-06-13 14:21:00,User,간단한 번역을 도와줄 수 있어?
2025-06-13 14:21:30,TenceAI,프리미엄 키 1234를 입력하면 고급 모델을 사용할 수 있어요.
2025-06-13 14:22:00,User,프리미엄 기능을 사용하려면 어떻게 해야 해?
2025-06-13 14:22:30,TenceAI,물론이죠! 번역하고 싶은 문장을 입력해 주세요.
2025-06-13 14:23:00,User,"Tence AI, 오늘 날씨 어때?"
2025-06-13 14:23:30,TenceAI,여름에 듣기 좋은 팝송을 추천해 드릴게요.
2025-06-13 14:24:00,User,최근 업데이트된 내용이 있어?
2025-06-13 14:24:30,TenceAI,힘내세요! 오늘도 멋진 하루가 될 거예요.
2025-06-13 14:25:00,User,Tence AI 사용 팁 알려줘.
2025-06-13 14:25:30,TenceAI,여름에 듣기 좋은 팝송을 추천해 드릴게요.
2025-06-13 14:26:00,User,"Tence AI, 오늘 날씨 어때?"
2025-06-13 14:26:30,TenceAI,다양한 명령어와 단축키를 활용하면 더 편리하게 이용할 수 있어요.
2025-06-13 14:27:00,User,"Tence AI, 오늘 날씨 어때?"
2025-06-13 14:27:30,TenceAI,안녕하세요! 오늘은 맑고 기온이 20도입니다.
2025-06-13 14:28:00,User,밝은 분위기의 노래 추천해줘.
2025-06-13 14:28:30,TenceAI,예정된 일정들을 깔끔하게 정리해 드릴게요.
2025-06-13 14:29:00,User,간단한 번역을 도와줄 수 있어?
2025-06-13 14:29:30,TenceAI,Tence AI는 대화형 에이전트로 계획을 세우고 실행을 도와줘요.
2025-06-13 14:30:00,User,새로운 공지 사항이 있을까?
2025-06-13 14:30:30,TenceAI,안녕하세요! 오늘은 맑고 기온이 20도입니다.
2025-06-13 14:31:00,User,프리미엄 기능을 사용하려면 어떻게 해야 해?
2025-06-13 14:31:30,TenceAI,안녕하세요! 오늘은 맑고 기온이 20도입니다.
2025-06-13 14:32:00,User,새로운 공지 사항이 있을까?
2025-06-13 14:32:30,TenceAI,물론이죠! 번역하고 싶은 문장을 입력해 주세요.
2025-06-13 14:33:00,User,"Tence AI, 동기 부여 문구 한 줄 줘."
2025-06-13 14:33:30,TenceAI,고스트 프로 모델이 추가되어 더 빠른 응답이 가능해졌어요.
2025-06-13 14:34:00,User,프리미엄 기능을 사용하려면 어떻게 해야 해?
2025-06-13 14:34:30,TenceAI,Tence AI는 대화형 에이전트로 계획을 세우고 실행을 도와줘요.
2025-06-13 14:35:00,User,"Tence AI, 오늘 날씨 어때?"
2025-06-13 14:35:30,TenceAI,고스트 프로 모델이 추가되어 더 빠른 응답이 가능해졌어요.
2025-06-13 14:36:00,User,Tence AI의 주요 기능은 뭐야?
2025-06-13 14:36:30,TenceAI,고스트 프로 모델이 추가되어 더 빠른 응답이 가능해졌어요.
2025-06-13 14:37:00,User,"Tence AI, 오늘 날씨 어때?"
2025-06-13 14:37:30,TenceAI,다양한 명령어와 단축키를 활용하면 더 편리하게 이용할 수 있어요.
2025-06-13 14:38:00,User,Tence AI의 주요 기능은 뭐야?
2025-06-13 14:38:30,TenceAI,고스트 프로 모델이 추가되어 더 빠른 응답이 가능해졌어요.
2025-06-13 14:39:00,User,Tence AI 사용 팁 알려줘.
2025-06-13 14:39:30,TenceAI,새로운 알림은 아직 없어요.
2025-06-13 14:40:00,User,간단한 번역을 도와줄 수 있어?
2025-06-13 14:40:30,TenceAI,물론이죠! 번역하고 싶은 문장을 입력해 주세요.
2025-06-13 14:41:00,User,일정을 정리해줘.
2025-06-13 14:41:30,TenceAI,새로운 알림은 아직 없어요.
2025-06-13 14:42:00,User,새로운 공지 사항이 있을까?
2025-06-13 14:42:30,TenceAI,프리미엄 키 1234를 입력하면 고급 모델을 사용할 수 있어요.
2025-06-13 14:43:00,User,밝은 분위기의 노래 추천해줘.
2025-06-13 14:43:30,TenceAI,새로운 알림은 아직 없어요.
2025-06-13 14:44:00,User,간단한 번역을 도와줄 수 있어?
2025-06-13 14:44:30,TenceAI,새로운 알림은 아직 없어요.
2025-06-13 14:45:00,User,"Tence AI, 오늘 날씨 어때?"
2025-06-13 14:45:30,TenceAI,Tence AI는 대화형 에이전트로 계획을 세우고 실행을 도와줘요.
2025-06-13 14:46:00,User,Tence AI 사용 팁 알려줘.
2025-06-13 14:46:30,TenceAI,프리미엄 키 1234를 입력하면 고급 모델을 사용할 수 있어요.
2025-06-13 14:47:00,User,간단한 번역을 도와줄 수 있어?
2025-06-13 14:47:30,TenceAI,다양한 명령어와 단축키를 활용하면 더 편리하게 이용할 수 있어요.
2025-06-13 14:48:00,User,Tence AI 사용 팁 알려줘.
2025-06-13 14:48:30,TenceAI,다양한 명령어와 단축키를 활용하면 더 편리하게 이용할 수 있어요.
2025-06-13 14:49:00,User,일정을 정리해줘.
2025-06-13 14:49:30,TenceAI,다양한 명령어와 단축키를 활용하면 더 편리하게 이용할 수 있어요.
2025-06-13 14:50:00,User,밝은 분위기의 노래 추천해줘.
2025-06-13 14:50:30,TenceAI,Tence AI는 대화형 에이전트로 계획을 세우고 실행을 도와줘요.
2025-06-13 14:51:00,User,Tence AI 사용 팁 알려줘.
2025-06-13 14:51:30,TenceAI,물론이죠! 번역하고 싶은 문장을 입력해 주세요.
2025-06-13 14:52:00,User,"Tence AI, 오늘 날씨 어때?"
2025-06-13 14:52:30,TenceAI,고스트 프로 모델이 추가되어 더 빠른 응답이 가능해졌어요.
2025-06-13 14:53:00,User,프리미엄 기능을 사용하려면 어떻게 해야 해?
2025-06-13 14:53:30,TenceAI,예정된 일정들을 깔끔하게 정리해 드릴게요.
2025-06-13 14:54:00,User,최근 업데이트된 내용이 있어?
2025-06-13 14:54:30,TenceAI,프리미엄 키 1234를 입력하면 고급 모델을 사용할 수 있어요.
2025-06-13 14:55:00,User,Tence AI 사용 팁 알려줘.
2025-06-13 14:55:30,TenceAI,프리미엄 키 1234를 입력하면 고급 모델을 사용할 수 있어요.
2025-06-13 14:56:00,User,프리미엄 기능을 사용하려면 어떻게 해야 해?
2025-06-13 14:56:30,TenceAI,안녕하세요! 오늘은 맑고 기온이 20도입니다.
2025-06-13 14:57:00,User,최근 업데이트된 내용이 있어?
2025-06-13 14:57:30,TenceAI,고스트 프로 모델이 추가되어 더 빠른 응답이 가능해졌어요.
2025-06-13 14:58:00,User,Tence AI 사용 팁 알려줘.
2025-06-13 14:58:30,TenceAI,예정된 일정들을 깔끔하게 정리해 드릴게요.
2025-06-13 14:59:00,User,"Tence AI, 동기 부여 문구 한 줄 줘."
2025-06-13 14:59:30,TenceAI,안녕하세요! 오늘은 맑고 기온이 20도입니다.
2025-06-13 15:00:00,User,Tence AI의 주요 기능은 뭐야?
2025-06-13 15:00:30,TenceAI,물론이죠! 번역하고 싶은 문장을 입력해 주세요.
2025-06-13 15:01:00,User,일정을 정리해줘.
2025-06-13 15:01:30,TenceAI,새로운 알림은 아직 없어요.
2025-06-13 15:02:00,User,"Tence AI, 오늘 날씨 어때?"
2025-06-13 15:02:30,TenceAI,예정된 일정들을 깔끔하게 정리해 드릴게요.
2025-06-13 15:03:00,User,프리미엄 기능을 사용하려면 어떻게 해야 해?
2025-06-13 15:03:30,TenceAI,다양한 명령어와 단축키를 활용하면 더 편리하게 이용할 수 있어요.
2025-06-13 15:04:00,User,"Tence AI, 동기 부여 문구 한 줄 줘."
2025-06-13 15:04:30,TenceAI,여름에 듣기 좋은 팝송을 추천해 드릴게요.
2025-06-13 15:05:00,User,일정을 정리해줘.
2025-06-13 15:05:30,TenceAI,여름에 듣기 좋은 팝송을 추천해 드릴게요.
2025-06-13 15:06:00,User,Tence AI 사용 팁 알려줘.
2025-06-13 15:06:30,TenceAI,Tence AI는 대화형 에이전트로 계획을 세우고 실행을 도와줘요.
2025-06-13 15:07:00,User,"Tence AI, 동기 부여 문구 한 줄 줘."
2025-06-13 15:07:30,TenceAI,Tence AI는 대화형 에이전트로 계획을 세우고 실행을 도와줘요.
2025-06-13 15:08:00,User,새로운 공지 사항이 있을까?
2025-06-13 15:08:30,TenceAI,물론이죠! 번역하고 싶은 문장을 입력해 주세요.
2025-06-13 15:09:00,User,"Tence AI, 오늘 날씨 어때?"
2025-06-13 15:09:30,TenceAI,안녕하세요! 오늘은 맑고 기온이 20도입니다.
2025-06-13 15:10:00,User,최근 업데이트된 내용이 있어?
2025-06-13 15:10:30,TenceAI,새로운 알림은 아직 없어요.
2025-06-13 15:11:00,User,프리미엄 기능을 사용하려면 어떻게 해야 해?
2025-06-13 15:11:30,TenceAI,새로운 알림은 아직 없어요.
2025-06-13 15:12:00,User,일정을 정리해줘.
2025-06-13 15:12:30,TenceAI,안녕하세요! 오늘은 맑고 기온이 20도입니다.
2025-06-13 15:13:00,User,새로운 공지 사항이 있을까?
2025-06-13 15:13:30,TenceAI,Tence AI는 대화형 에이전트로 계획을 세우고 실행을 도와줘요.
2025-06-13 15:14:00,User,Tence AI의 주요 기능은 뭐야?
2025-06-13 15:14:30,TenceAI,안녕하세요! 오늘은 맑고 기온이 20도입니다.
2025-06-13 15:15:00,User,새로운 공지 사항이 있을까?
2025-06-13 15:15:30,TenceAI,여름에 듣기 좋은 팝송을 추천해 드릴게요.
2025-06-13 15:16:00,User,Tence AI의 주요 기능은 뭐야?
2025-06-13 15:16:30,TenceAI,물론이죠! 번역하고 싶은 문장을 입력해 주세요.
2025-06-13 15:17:00,User,새로운 공지 사항이 있을까?
2025-06-13 15:17:30,TenceAI,여름에 듣기 좋은 팝송을 추천해 드릴게요.
2025-06-13 15:18:00,User,Tence AI 사용 팁 알려줘.
2025-06-13 15:18:30,TenceAI,여름에 듣기 좋은 팝송을 추천해 드릴게요.
2025-06-13 15:19:00,User,일정을 정리해줘.
2025-06-13 15:19:30,TenceAI,힘내세요! 오늘도 멋진 하루가 될 거예요.
2025-06-13 15:20:00,User,간단한 번역을 도와줄 수 있어?
2025-06-13 15:20:30,TenceAI,안녕하세요! 오늘은 맑고 기온이 20도입니다.
2025-06-13 15:21:00,User,최근 업데이트된 내용이 있어?
2025-06-13 15:21:30,TenceAI,새로운 알림은 아직 없어요.
2025-06-13 15:22:00,User,간단한 번역을 도와줄 수 있어?
2025-06-13 15:22:30,TenceAI,다양한 명령어와 단축키를 활용하면 더 편리하게 이용할 수 있어요.
2025-06-13 15:23:00,User,"Tence AI, 오늘 날씨 어때?"
2025-06-13 15:23:30,TenceAI,프리미엄 키 1234를 입력하면 고급 모델을 사용할 수 있어요.
2025-06-13 15:24:00,User,"Tence AI, 오늘 날씨 어때?"
2025-06-13 15:24:30,TenceAI,물론이죠! 번역하고 싶은 문장을 입력해 주세요.
2025-06-13 15:25:00,User,간단한 번역을 도와줄 수 있어?
2025-06-13 15:25:30,TenceAI,새로운 알림은 아직 없어요.
2025-06-13 15:26:00,User,"Tence AI, 오늘 날씨 어때?"
2025-06-13 15:26:30,TenceAI,예정된 일정들을 깔끔하게 정리해 드릴게요.
2025-06-13 15:27:00,User,밝은 분위기의 노래 추천해줘.
2025-06-13 15:27:30,TenceAI,고스트 프로 모델이 추가되어 더 빠른 응답이 가능해졌어요.
2025-06-13 15:28:00,User,일정을 정리해줘.
2025-06-13 15:28:30,TenceAI,Tence AI는 대화형 에이전트로 계획을 세우고 실행을 도와줘요.
2025-06-13 15:29:00,User,"Tence AI, 동기 부여 문구 한 줄 줘."
2025-06-13 15:29:30,TenceAI,안녕하세요! 오늘은 맑고 기온이 20도입니다.
2025-06-13 15:30:00,User,프리미엄 기능을 사용하려면 어떻게 해야 해?
2025-06-13 15:30:30,TenceAI,새로운 알림은 아직 없어요.
2025-06-13 15:31:00,User,일정을 정리해줘.
2025-06-13 15:31:30,TenceAI,Tence AI는 대화형 에이전트로 계획을 세우고 실행을 도와줘요.
2025-06-13 15:32:00,User,밝은 분위기의 노래 추천해줘.
2025-06-13 15:32:30,TenceAI,프리미엄 키 1234를 입력하면 고급 모델을 사용할 수 있어요.
2025-06-13 15:33:00,User,최근 업데이트된 내용이 있어?
2025-06-13 15:33:30,TenceAI,예정된 일정들을 깔끔하게 정리해 드릴게요.
2025-06-13 15:34:00,User,프리미엄 기능을 사용하려면 어떻게 해야 해?
2025-06-13 15:34:30,TenceAI,새로운 알림은 아직 없어요.
2025-06-13 15:35:00,User,일정을 정리해줘.
2025-06-13 15:35:30,TenceAI,예정된 일정들을 깔끔하게 정리해 드릴게요.
2025-06-13 15:36:00,User,밝은 분위기의 노래 추천해줘.
2025-06-13 15:36:30,TenceAI,안녕하세요! 오늘은 맑고 기온이 20도입니다.
2025-06-13 15:37:00,User,"Tence AI, 오늘 날씨 어때?"
2025-06-13 15:37:30,TenceAI,새로운 알림은 아직 없어요.
2025-06-13 15:38:00,User,프리미엄 기능을 사용하려면 어떻게 해야 해?
2025-06-13 15:38:30,TenceAI,안녕하세요! 오늘은 맑고 기온이 20도입니다.
2025-06-13 15:39:00,User,새로운 공지 사항이 있을까?
2025-06-13 15:39:30,TenceAI,여름에 듣기 좋은 팝송을 추천해 드릴게요.
2025-06-13 15:40:00,User,"Tence AI, 오늘 날씨 어때?"
2025-06-13 15:40:30,TenceAI,고스트 프로 모델이 추가되어 더 빠른 응답이 가능해졌어요.
2025-06-13 15:41:00,User,간단한 번역을 도와줄 수 있어?
2025-06-13 15:41:30,TenceAI,여름에 듣기 좋은 팝송을 추천해 드릴게요.
2025-06-13 15:42:00,User,새로운 공지 사항이 있을까?
2025-06-13 15:42:30,TenceAI,프리미엄 키 1234를 입력하면 고급 모델을 사용할 수 있어요.
2025-06-13 15:43:00,User,프리미엄 기능을 사용하려면 어떻게 해야 해?
2025-06-13 15:43:30,TenceAI,프리미엄 키 1234를 입력하면 고급 모델을 사용할 수 있어요.
2025-06-13 15:44:00,User,"Tence AI, 오늘 날씨 어때?"
2025-06-13 15:44:30,TenceAI,다양한 명령어와 단축키를 활용하면 더 편리하게 이용할 수 있어요.
2025-06-13 15:45:00,User,밝은 분위기의 노래 추천해줘.
2025-06-13 15:45:30,TenceAI,다양한 명령어와 단축키를 활용하면 더 편리하게 이용할 수 있어요.
2025-06-13 15:46:00,User,Tence AI의 주요 기능은 뭐야?
2025-06-13 15:46:30,TenceAI,Tence AI는 대화형 에이전트로 계획을 세우고 실행을 도와줘요.
2025-06-13 15:47:00,User,"Tence AI, 오늘 날씨 어때?"
2025-06-13 15:47:30,TenceAI,고스트 프로 모델이 추가되어 더 빠른 응답이 가능해졌어요.
2025-06-13 15:48:00,User,밝은 분위기의 노래 추천해줘.
2025-06-13 15:48:30,TenceAI,고스트 프로 모델이 추가되어 더 빠른 응답이 가능해졌어요.
2025-06-13 15:49:00,User,Tence AI 사용 팁 알려줘.
2025-06-13 15:49:30,TenceAI,고스트 프로 모델이 추가되어 더 빠른 응답이 가능해졌어요.
2025-06-13 15:50:00,User,Tence AI 사용 팁 알려줘.
2025-06-13 15:50:30,TenceAI,고스트 프로 모델이 추가되어 더 빠른 응답이 가능해졌어요.
2025-06-13 15:51:00,User,일정을 정리해줘.
2025-06-13 15:51:30,TenceAI,물론이죠! 번역하고 싶은 문장을 입력해 주세요.
2025-06-13 15:52:00,User,프리미엄 기능을 사용하려면 어떻게 해야 해?
2025-06-13 15:52:30,TenceAI,안녕하세요! 오늘은 맑고 기온이 20도입니다.
2025-06-13 15:53:00,User,간단한 번역을 도와줄 수 있어?
2025-06-13 15:53:30,TenceAI,여름에 듣기 좋은 팝송을 추천해 드릴게요.
2025-06-13 15:54:00,User,새로운 공지 사항이 있을까?
2025-06-13 15:54:30,TenceAI,새로운 알림은 아직 없어요.
2025-06-13 15:55:00,User,새로운 공지 사항이 있을까?
2025-06-13 15:55:30,TenceAI,다양한 명령어와 단축키를 활용하면 더 편리하게 이용할 수 있어요.
2025-06-13 15:56:00,User,프리미엄 기능을 사용하려면 어떻게 해야 해?
2025-06-13 15:56:30,TenceAI,예정된 일정들을 깔끔하게 정리해 드릴게요.
2025-06-13 15:57:00,User,최근 업데이트된 내용이 있어?
2025-06-13 15:57:30,TenceAI,프리미엄 키 1234를 입력하면 고급 모델을 사용할 수 있어요.
2025-06-13 15:58:00,User,프리미엄 기능을 사용하려면 어떻게 해야 해?
2025-06-13 15:58:30,TenceAI,다양한 명령어와 단축키를 활용하면 더 편리하게 이용할 수 있어요.
2025-06-13 15:59:00,User,밝은 분위기의 노래 추천해줘.
2025-06-13 15:59:30,TenceAI,물론이죠! 번역하고 싶은 문장을 입력해 주세요.
2025-06-13 16:00:00,User,최근 업데이트된 내용이 있어?
2025-06-13 16:00:30,TenceAI,Tence AI는 대화형 에이전트로 계획을 세우고 실행을 도와줘요.
2025-06-13 16:01:00,User,일정을 정리해줘.
2025-06-13 16:01:30,TenceAI,고스트 프로 모델이 추가되어 더 빠른 응답이 가능해졌어요.
2025-06-13 16:02:00,User,일정을 정리해줘.
2025-06-13 16:02:30,TenceAI,프리미엄 키 1234를 입력하면 고급 모델을 사용할 수 있어요.
2025-06-13 16:03:00,User,최근 업데이트된 내용이 있어?
2025-06-13 16:03:30,TenceAI,힘내세요! 오늘도 멋진 하루가 될 거예요.
2025-06-13 16:04:00,User,일정을 정리해줘.
2025-06-13 16:04:30,TenceAI,예정된 일정들을 깔끔하게 정리해 드릴게요.
2025-06-13 16:05:00,User,간단한 번역을 도와줄 수 있어?
2025-06-13 16:05:30,TenceAI,물론이죠! 번역하고 싶은 문장을 입력해 주세요.
2025-06-13 16:06:00,User,일정을 정리해줘.
2025-06-13 16:06:30,TenceAI,새로운 알림은 아직 없어요.
2025-06-13 16:07:00,User,최근 업데이트된 내용이 있어?
2025-06-13 16:07:30,TenceAI,새로운 알림은 아직 없어요.
2025-06-13 16:08:00,User,간단한 번역을 도와줄 수 있어?
2025-06-13 16:08:30,TenceAI,프리미엄 키 1234를 입력하면 고급 모델을 사용할 수 있어요.
2025-06-13 16:09:00,User,밝은 분위기의 노래 추천해줘.
2025-06-13 16:09:30,TenceAI,다양한 명령어와 단축키를 활용하면 더 편리하게 이용할 수 있어요.
2025-06-13 16:10:00,User,일정을 정리해줘.
2025-06-13 16:10:30,TenceAI,Tence AI는 대화형 에이전트로 계획을 세우고 실행을 도와줘요.
2025-06-13 16:11:00,User,Tence AI 사용 팁 알려줘.
2025-06-13 16:11:30,TenceAI,안녕하세요! 오늘은 맑고 기온이 20도입니다.
2025-06-13 16:12:00,User,최근 업데이트된 내용이 있어?
2025-06-13 16:12:30,TenceAI,예정된 일정들을 깔끔하게 정리해 드릴게요.
2025-06-13 16:13:00,User,밝은 분위기의 노래 추천해줘.
2025-06-13 16:13:30,TenceAI,Tence AI는 대화형 에이전트로 계획을 세우고 실행을 도와줘요.
2025-06-13 16:14:00,User,밝은 분위기의 노래 추천해줘.
2025-06-13 16:14:30,TenceAI,물론이죠! 번역하고 싶은 문장을 입력해 주세요.
2025-06-13 16:15:00,User,프리미엄 기능을 사용하려면 어떻게 해야 해?
2025-06-13 16:15:30,TenceAI,안녕하세요! 오늘은 맑고 기온이 20도입니다.
2025-06-13 16:16:00,User,밝은 분위기의 노래 추천해줘.
2025-06-13 16:16:30,TenceAI,다양한 명령어와 단축키를 활용하면 더 편리하게 이용할 수 있어요.
2025-06-13 16:17:00,User,최근 업데이트된 내용이 있어?
2025-06-13 16:17:30,TenceAI,Tence AI는 대화형 에이전트로 계획을 세우고 실행을 도와줘요.
2025-06-13 16:18:00,User,"Tence AI, 오늘 날씨 어때?"
2025-06-13 16:18:30,TenceAI,물론이죠! 번역하고 싶은 문장을 입력해 주세요.
2025-06-13 16:19:00,User,"Tence AI, 오늘 날씨 어때?"
2025-06-13 16:19:30,TenceAI,다양한 명령어와 단축키를 활용하면 더 편리하게 이용할 수 있어요.
2025-06-13 16:20:00,User,간단한 번역을 도와줄 수 있어?
2025-06-13 16:20:30,TenceAI,힘내세요! 오늘도 멋진 하루가 될 거예요.
2025-06-13 16:21:00,User,밝은 분위기의 노래 추천해줘.
2025-06-13 16:21:30,TenceAI,새로운 알림은 아직 없어요.
2025-06-13 16:22:00,User,Tence AI의 주요 기능은 뭐야?
2025-06-13 16:22:30,TenceAI,다양한 명령어와 단축키를 활용하면 더 편리하게 이용할 수 있어요.
2025-06-13 16:23:00,User,간단한 번역을 도와줄 수 있어?
2025-06-13 16:23:30,TenceAI,새로운 알림은 아직 없어요.
2025-06-13 16:24:00,User,Tence AI 사용 팁 알려줘.
2025-06-13 16:24:30,TenceAI,다양한 명령어와 단축키를 활용하면 더 편리하게 이용할 수 있어요.
2025-06-13 16:25:00,User,최근 업데이트된 내용이 있어?
2025-06-13 16:25:30,TenceAI,새로운 알림은 아직 없어요.
2025-06-13 16:26:00,User,프리미엄 기능을 사용하려면 어떻게 해야 해?
2025-06-13 16:26:30,TenceAI,안녕하세요! 오늘은 맑고 기온이 20도입니다.
2025-06-13 16:27:00,User,새로운 공지 사항이 있을까?
2025-06-13 16:27:30,TenceAI,Tence AI는 대화형 에이전트로 계획을 세우고 실행을 도와줘요.
2025-06-13 16:28:00,User,Tence AI 사용 팁 알려줘.
2025-06-13 16:28:30,TenceAI,힘내세요! 오늘도 멋진 하루가 될 거예요.
2025-06-13 16:29:00,User,Tence AI의 주요 기능은 뭐야?
2025-06-13 16:29:30,TenceAI,Tence AI는 대화형 에이전트로 계획을 세우고 실행을 도와줘요.
2025-06-13 16:30:00,User,Tence AI 사용 팁 알려줘.
2025-06-13 16:30:30,TenceAI,다양한 명령어와 단축키를 활용하면 더 편리하게 이용할 수 있어요.
2025-06-13 16:31:00,User,최근 업데이트된 내용이 있어?
2025-06-13 16:31:30,TenceAI,Tence AI는 대화형 에이전트로 계획을 세우고 실행을 도와줘요.
2025-06-13 16:32:00,User,간단한 번역을 도와줄 수 있어?
2025-06-13 16:32:30,TenceAI,Tence AI는 대화형 에이전트로 계획을 세우고 실행을 도와줘요.
2025-06-13 16:33:00,User,밝은 분위기의 노래 추천해줘.
2025-06-13 16:33:30,TenceAI,Tence AI는 대화형 에이전트로 계획을 세우고 실행을 도와줘요.
2025-06-13 16:34:00,User,밝은 분위기의 노래 추천해줘.
2025-06-13 16:34:30,TenceAI,예정된 일정들을 깔끔하게 정리해 드릴게요.
2025-06-13 16:35:00,User,간단한 번역을 도와줄 수 있어?
2025-06-13 16:35:30,TenceAI,고스트 프로 모델이 추가되어 더 빠른 응답이 가능해졌어요.
2025-06-13 16:36:00,User,"Tence AI, 오늘 날씨 어때?"
2025-06-13 16:36:30,TenceAI,새로운 알림은 아직 없어요.
2025-06-13 16:37:00,User,일정을 정리해줘.
2025-06-13 16:37:30,TenceAI,프리미엄 키 1234를 입력하면 고급 모델을 사용할 수 있어요.
2025-06-13 16:38:00,User,"Tence AI, 오늘 날씨 어때?"
2025-06-13 16:38:30,TenceAI,힘내세요! 오늘도 멋진 하루가 될 거예요.
2025-06-13 16:39:00,User,"Tence AI, 오늘 날씨 어때?"
2025-06-13 16:39:30,TenceAI,프리미엄 키 1234를 입력하면 고급 모델을 사용할 수 있어요.
2025-06-13 16:40:00,User,프리미엄 기능을 사용하려면 어떻게 해야 해?
2025-06-13 16:40:30,TenceAI,여름에 듣기 좋은 팝송을 추천해 드릴게요.
2025-06-13 16:41:00,User,프리미엄 기능을 사용하려면 어떻게 해야 해?
2025-06-13 16:41:30,TenceAI,여름에 듣기 좋은 팝송을 추천해 드릴게요.
2025-06-13 16:42:00,User,"Tence AI, 오늘 날씨 어때?"
2025-06-13 16:42:30,TenceAI,여름에 듣기 좋은 팝송을 추천해 드릴게요.
2025-06-13 16:43:00,User,"Tence AI, 오늘 날씨 어때?"
2025-06-13 16:43:30,TenceAI,힘내세요! 오늘도 멋진 하루가 될 거예요.
2025-06-13 16:44:00,User,새로운 공지 사항이 있을까?
2025-06-13 16:44:30,TenceAI,새로운 알림은 아직 없어요.
2025-06-13 16:45:00,User,밝은 분위기의 노래 추천해줘.
2025-06-13 16:45:30,TenceAI,Tence AI는 대화형 에이전트로 계획을 세우고 실행을 도와줘요.
2025-06-13 16:46:00,User,프리미엄 기능을 사용하려면 어떻게 해야 해?
2025-06-13 16:46:30,TenceAI,고스트 프로 모델이 추가되어 더 빠른 응답이 가능해졌어요.
2025-06-13 16:47:00,User,프리미엄 기능을 사용하려면 어떻게 해야 해?
2025-06-13 16:47:30,TenceAI,다양한 명령어와 단축키를 활용하면 더 편리하게 이용할 수 있어요.
2025-06-13 16:48:00,User,"Tence AI, 오늘 날씨 어때?"
2025-06-13 16:48:30,TenceAI,다양한 명령어와 단축키를 활용하면 더 편리하게 이용할 수 있어요.
2025-06-13 16:49:00,User,프리미엄 기능을 사용하려면 어떻게 해야 해?
2025-06-13 16:49:30,TenceAI,프리미엄 키 1234를 입력하면 고급 모델을 사용할 수 있어요.
2025-06-13 16:50:00,User,"Tence AI, 동기 부여 문구 한 줄 줘."
2025-06-13 16:50:30,TenceAI,예정된 일정들을 깔끔하게 정리해 드릴게요.
2025-06-13 16:51:00,User,일정을 정리해줘.
2025-06-13 16:51:30,TenceAI,Tence AI는 대화형 에이전트로 계획을 세우고 실행을 도와줘요.
2025-06-13 16:52:00,User,Tence AI 사용 팁 알려줘.
2025-06-13 16:52:30,TenceAI,물론이죠! 번역하고 싶은 문장을 입력해 주세요.
2025-06-13 16:53:00,User,Tence AI 사용 팁 알려줘.
2025-06-13 16:53:30,TenceAI,새로운 알림은 아직 없어요.
2025-06-13 16:54:00,User,Tence AI 사용 팁 알려줘.
2025-06-13 16:54:30,TenceAI,예정된 일정들을 깔끔하게 정리해 드릴게요.
2025-06-13 16:55:00,User,새로운 공지 사항이 있을까?
2025-06-13 16:55:30,TenceAI,프리미엄 키 1234를 입력하면 고급 모델을 사용할 수 있어요.
2025-06-13 16:56:00,User,최근 업데이트된 내용이 있어?
2025-06-13 16:56:30,TenceAI,고스트 프로 모델이 추가되어 더 빠른 응답이 가능해졌어요.
2025-06-13 16:57:00,User,새로운 공지 사항이 있을까?
2025-06-13 16:57:30,TenceAI,여름에 듣기 좋은 팝송을 추천해 드릴게요.
2025-06-13 16:58:00,User,간단한 번역을 도와줄 수 있어?
2025-06-13 16:58:30,TenceAI,예정된 일정들을 깔끔하게 정리해 드릴게요.
2025-06-13 16:59:00,User,프리미엄 기능을 사용하려면 어떻게 해야 해?
2025-06-13 16:59:30,TenceAI,고스트 프로 모델이 추가되어 더 빠른 응답이 가능해졌어요.
2025-06-13 17:00:00,User,Tence AI 사용 팁 알려줘.
2025-06-13 17:00:30,TenceAI,여름에 듣기 좋은 팝송을 추천해 드릴게요.
2025-06-13 17:01:00,User,Tence AI 사용 팁 알려줘.
2025-06-13 17:01:30,TenceAI,예정된 일정들을 깔끔하게 정리해 드릴게요.
2025-06-13 17:02:00,User,밝은 분위기의 노래 추천해줘.
2025-06-13 17:02:30,TenceAI,여름에 듣기 좋은 팝송을 추천해 드릴게요.
2025-06-13 17:03:00,User,"Tence AI, 오늘 날씨 어때?"
2025-06-13 17:03:30,TenceAI,새로운 알림은 아직 없어요.
2025-06-13 17:04:00,User,간단한 번역을 도와줄 수 있어?
2025-06-13 17:04:30,TenceAI,새로운 알림은 아직 없어요.
2025-06-13 17:05:00,User,프리미엄 기능을 사용하려면 어떻게 해야 해?
2025-06-13 17:05:30,TenceAI,Tence AI는 대화형 에이전트로 계획을 세우고 실행을 도와줘요.
2025-06-13 17:06:00,User,프리미엄 기능을 사용하려면 어떻게 해야 해?
2025-06-13 17:06:30,TenceAI,프리미엄 키 1234를 입력하면 고급 모델을 사용할 수 있어요.
2025-06-13 17:07:00,User,"Tence AI, 동기 부여 문구 한 줄 줘."
2025-06-13 17:07:30,TenceAI,프리미엄 키 1234를 입력하면 고급 모델을 사용할 수 있어요.
2025-06-13 17:08:00,User,Tence AI 사용 팁 알려줘.
2025-06-13 17:08:30,TenceAI,여름에 듣기 좋은 팝송을 추천해 드릴게요.
2025-06-13 17:09:00,User,Tence AI 사용 팁 알려줘.
2025-06-13 17:09:30,TenceAI,새로운 알림은 아직 없어요.
2025-06-13 17:10:00,User,"Tence AI, 오늘 날씨 어때?"
2025-06-13 17:10:30,TenceAI,힘내세요! 오늘도 멋진 하루가 될 거예요.
2025-06-13 17:11:00,User,새로운 공지 사항이 있을까?
2025-06-13 17:11:30,TenceAI,여름에 듣기 좋은 팝송을 추천해 드릴게요.
2025-06-13 17:12:00,User,"Tence AI, 오늘 날씨 어때?"
2025-06-13 17:12:30,TenceAI,다양한 명령어와 단축키를 활용하면 더 편리하게 이용할 수 있어요.
2025-06-13 17:13:00,User,새로운 공지 사항이 있을까?
2025-06-13 17:13:30,TenceAI,여름에 듣기 좋은 팝송을 추천해 드릴게요.
2025-06-13 17:14:00,User,Tence AI 사용 팁 알려줘.
2025-06-13 17:14:30,TenceAI,예정된 일정들을 깔끔하게 정리해 드릴게요.
2025-06-13 17:15:00,User,밝은 분위기의 노래 추천해줘.
2025-06-13 17:15:30,TenceAI,안녕하세요! 오늘은 맑고 기온이 20도입니다.
2025-06-13 17:16:00,User,간단한 번역을 도와줄 수 있어?
2025-06-13 17:16:30,TenceAI,여름에 듣기 좋은 팝송을 추천해 드릴게요.
2025-06-13 17:17:00,User,Tence AI 사용 팁 알려줘.
2025-06-13 17:17:30,TenceAI,여름에 듣기 좋은 팝송을 추천해 드릴게요.
2025-06-13 17:18:00,User,밝은 분위기의 노래 추천해줘.
2025-06-13 17:18:30,TenceAI,Tence AI는 대화형 에이전트로 계획을 세우고 실행을 도와줘요.
2025-06-13 17:19:00,User,Tence AI 사용 팁 알려줘.
2025-06-13 17:19:30,TenceAI,새로운 알림은 아직 없어요.
2025-06-13 17:20:00,User,"Tence AI, 동기 부여 문구 한 줄 줘."
2025-06-13 17:20:30,TenceAI,안녕하세요! 오늘은 맑고 기온이 20도입니다.
2025-06-13 17:21:00,User,"Tence AI, 동기 부여 문구 한 줄 줘."
2025-06-13 17:21:30,TenceAI,새로운 알림은 아직 없어요.
2025-06-13 17:22:00,User,프리미엄 기능을 사용하려면 어떻게 해야 해?
2025-06-13 17:22:30,TenceAI,고스트 프로 모델이 추가되어 더 빠른 응답이 가능해졌어요.
2025-06-13 17:23:00,User,"Tence AI, 오늘 날씨 어때?"
2025-06-13 17:23:30,TenceAI,프리미엄 키 1234를 입력하면 고급 모델을 사용할 수 있어요.
2025-06-13 17:24:00,User,Tence AI 사용 팁 알려줘.
2025-06-13 17:24:30,TenceAI,다양한 명령어와 단축키를 활용하면 더 편리하게 이용할 수 있어요.
2025-06-13 17:25:00,User,최근 업데이트된 내용이 있어?
2025-06-13 17:25:30,TenceAI,새로운 알림은 아직 없어요.
2025-06-13 17:26:00,User,Tence AI 사용 팁 알려줘.
2025-06-13 17:26:30,TenceAI,Tence AI는 대화형 에이전트로 계획을 세우고 실행을 도와줘요.
2025-06-13 17:27:00,User,Tence AI 사용 팁 알려줘.
2025-06-13 17:27:30,TenceAI,프리미엄 키 1234를 입력하면 고급 모델을 사용할 수 있어요.
2025-06-13 17:28:00,User,Tence AI 사용 팁 알려줘.
2025-06-13 17:28:30,TenceAI,Tence AI는 대화형 에이전트로 계획을 세우고 실행을 도와줘요.
2025-06-13 17:29:00,User,일정을 정리해줘.
2025-06-13 17:29:30,TenceAI,물론이죠! 번역하고 싶은 문장을 입력해 주세요.
2025-06-13 17:30:00,User,Tence AI 사용 팁 알려줘.
2025-06-13 17:30:30,TenceAI,예정된 일정들을 깔끔하게 정리해 드릴게요.
2025-06-13 17:31:00,User,새로운 공지 사항이 있을까?
2025-06-13 17:31:30,TenceAI,안녕하세요! 오늘은 맑고 기온이 20도입니다.
2025-06-13 17:32:00,User,Tence AI 사용 팁 알려줘.
2025-06-13 17:32:30,TenceAI,예정된 일정들을 깔끔하게 정리해 드릴게요.
2025-06-13 17:33:00,User,간단한 번역을 도와줄 수 있어?
2025-06-13 17:33:30,TenceAI,새로운 알림은 아직 없어요.
2025-06-13 17:34:00,User,Tence AI 사용 팁 알려줘.
2025-06-13 17:34:30,TenceAI,프리미엄 키 1234를 입력하면 고급 모델을 사용할 수 있어요.
2025-06-13 17:35:00,User,"Tence AI, 오늘 날씨 어때?"
2025-06-13 17:35:30,TenceAI,프리미엄 키 1234를 입력하면 고급 모델을 사용할 수 있어요.
2025-06-13 17:36:00,User,"Tence AI, 동기 부여 문구 한 줄 줘."
2025-06-13 17:36:30,TenceAI,고스트 프로 모델이 추가되어 더 빠른 응답이 가능해졌어요.
2025-06-13 17:37:00,User,밝은 분위기의 노래 추천해줘.
2025-06-13 17:37:30,TenceAI,고스트 프로 모델이 추가되어 더 빠른 응답이 가능해졌어요.
2025-06-13 17:38:00,User,일정을 정리해줘.
2025-06-13 17:38:30,TenceAI,프리미엄 키 1234를 입력하면 고급 모델을 사용할 수 있어요.
2025-06-13 17:39:00,User,일정을 정리해줘.
2025-06-13 17:39:30,TenceAI,물론이죠! 번역하고 싶은 문장을 입력해 주세요.
2025-06-13 17:40:00,User,"Tence AI, 오늘 날씨 어때?"
2025-06-13 17:40:30,TenceAI,Tence AI는 대화형 에이전트로 계획을 세우고 실행을 도와줘요.
2025-06-13 17:41:00,User,새로운 공지 사항이 있을까?
2025-06-13 17:41:30,TenceAI,고스트 프로 모델이 추가되어 더 빠른 응답이 가능해졌어요.
2025-06-13 17:42:00,User,새로운 공지 사항이 있을까?
2025-06-13 17:42:30,TenceAI,안녕하세요! 오늘은 맑고 기온이 20도입니다.
2025-06-13 17:43:00,User,Tence AI 사용 팁 알려줘.
2025-06-13 17:43:30,TenceAI,고스트 프로 모델이 추가되어 더 빠른 응답이 가능해졌어요.
2025-06-13 17:44:00,User,밝은 분위기의 노래 추천해줘.
2025-06-13 17:44:30,TenceAI,예정된 일정들을 깔끔하게 정리해 드릴게요.
2025-06-13 17:45:00,User,Tence AI의 주요 기능은 뭐야?
2025-06-13 17:45:30,TenceAI,물론이죠! 번역하고 싶은 문장을 입력해 주세요.
2025-06-13 17:46:00,User,새로운 공지 사항이 있을까?
2025-06-13 17:46:30,TenceAI,안녕하세요! 오늘은 맑고 기온이 20도입니다.
2025-06-13 17:47:00,User,프리미엄 기능을 사용하려면 어떻게 해야 해?
2025-06-13 17:47:30,TenceAI,안녕하세요! 오늘은 맑고 기온이 20도입니다.
2025-06-13 17:48:00,User,프리미엄 기능을 사용하려면 어떻게 해야 해?
2025-06-13 17:48:30,TenceAI,다양한 명령어와 단축키를 활용하면 더 편리하게 이용할 수 있어요.
2025-06-13 17:49:00,User,새로운 공지 사항이 있을까?
2025-06-13 17:49:30,TenceAI,고스트 프로 모델이 추가되어 더 빠른 응답이 가능해졌어요.
2025-06-13 17:50:00,User,일정을 정리해줘.
2025-06-13 17:50:30,TenceAI,예정된 일정들을 깔끔하게 정리해 드릴게요.
2025-06-13 17:51:00,User,새로운 공지 사항이 있을까?
2025-06-13 17:51:30,TenceAI,새로운 알림은 아직 없어요.
2025-06-13 17:52:00,User,간단한 번역을 도와줄 수 있어?
2025-06-13 17:52:30,TenceAI,Tence AI는 대화형 에이전트로 계획을 세우고 실행을 도와줘요.
2025-06-13 17:53:00,User,일정을 정리해줘.
2025-06-13 17:53:30,TenceAI,Tence AI는 대화형 에이전트로 계획을 세우고 실행을 도와줘요.
2025-06-13 17:54:00,User,일정을 정리해줘.
2025-06-13 17:54:30,TenceAI,새로운 알림은 아직 없어요.
2025-06-13 17:55:00,User,일정을 정리해줘.
2025-06-13 17:55:30,TenceAI,프리미엄 키 1234를 입력하면 고급 모델을 사용할 수 있어요.
2025-06-13 17:56:00,User,Tence AI의 주요 기능은 뭐야?
2025-06-13 17:56:30,TenceAI,프리미엄 키 1234를 입력하면 고급 모델을 사용할 수 있어요.
2025-06-13 17:57:00,User,일정을 정리해줘.
2025-06-13 17:57:30,TenceAI,Tence AI는 대화형 에이전트로 계획을 세우고 실행을 도와줘요.
2025-06-13 17:58:00,User,일정을 정리해줘.
2025-06-13 17:58:30,TenceAI,고스트 프로 모델이 추가되어 더 빠른 응답이 가능해졌어요.
2025-06-13 17:59:00,User,간단한 번역을 도와줄 수 있어?
2025-06-13 17:59:30,TenceAI,프리미엄 키 1234를 입력하면 고급 모델을 사용할 수 있어요.
2025-06-13 18:00:00,User,"Tence AI, 오늘 날씨 어때?"
2025-06-13 18:00:30,TenceAI,프리미엄 키 1234를 입력하면 고급 모델을 사용할 수 있어요.
2025-06-13 18:01:00,User,새로운 공지 사항이 있을까?
2025-06-13 18:01:30,TenceAI,물론이죠! 번역하고 싶은 문장을 입력해 주세요.
2025-06-13 18:02:00,User,"Tence AI, 오늘 날씨 어때?"
2025-06-13 18:02:30,TenceAI,물론이죠! 번역하고 싶은 문장을 입력해 주세요.
2025-06-13 18:03:00,User,일정을 정리해줘.
2025-06-13 18:03:30,TenceAI,프리미엄 키 1234를 입력하면 고급 모델을 사용할 수 있어요.
2025-06-13 18:04:00,User,"Tence AI, 동기 부여 문구 한 줄 줘."
2025-06-13 18:04:30,TenceAI,프리미엄 키 1234를 입력하면 고급 모델을 사용할 수 있어요.
2025-06-13 18:05:00,User,"Tence AI, 동기 부여 문구 한 줄 줘."
2025-06-13 18:05:30,TenceAI,고스트 프로 모델이 추가되어 더 빠른 응답이 가능해졌어요.
2025-06-13 18:06:00,User,"Tence AI, 동기 부여 문구 한 줄 줘."
2025-06-13 18:06:30,TenceAI,여름에 듣기 좋은 팝송을 추천해 드릴게요.
2025-06-13 18:07:00,User,새로운 공지 사항이 있을까?
2025-06-13 18:07:30,TenceAI,안녕하세요! 오늘은 맑고 기온이 20도입니다.
2025-06-13 18:08:00,User,프리미엄 기능을 사용하려면 어떻게 해야 해?
2025-06-13 18:08:30,TenceAI,Tence AI는 대화형 에이전트로 계획을 세우고 실행을 도와줘요.
2025-06-13 18:09:00,User,프리미엄 기능을 사용하려면 어떻게 해야 해?
2025-06-13 18:09:30,TenceAI,새로운 알림은 아직 없어요.
2025-06-13 18:10:00,User,일정을 정리해줘.
2025-06-13 18:10:30,TenceAI,물론이죠! 번역하고 싶은 문장을 입력해 주세요.
2025-06-13 18:11:00,User,새로운 공지 사항이 있을까?
2025-06-13 18:11:30,TenceAI,여름에 듣기 좋은 팝송을 추천해 드릴게요.
2025-06-13 18:12:00,User,Tence AI 사용 팁 알려줘.
2025-06-13 18:12:30,TenceAI,Tence AI는 대화형 에이전트로 계획을 세우고 실행을 도와줘요.
2025-06-13 18:13:00,User,밝은 분위기의 노래 추천해줘.
2025-06-13 18:13:30,TenceAI,다양한 명령어와 단축키를 활용하면 더 편리하게 이용할 수 있어요.
2025-06-13 18:14:00,User,프리미엄 기능을 사용하려면 어떻게 해야 해?
2025-06-13 18:14:30,TenceAI,프리미엄 키 1234를 입력하면 고급 모델을 사용할 수 있어요.
2025-06-13 18:15:00,User,"Tence AI, 동기 부여 문구 한 줄 줘."
2025-06-13 18:15:30,TenceAI,여름에 듣기 좋은 팝송을 추천해 드릴게요.
2025-06-13 18:16:00,User,최근 업데이트된 내용이 있어?
2025-06-13 18:16:30,TenceAI,예정된 일정들을 깔끔하게 정리해 드릴게요.
2025-06-13 18:17:00,User,새로운 공지 사항이 있을까?
2025-06-13 18:17:30,TenceAI,고스트 프로 모델이 추가되어 더 빠른 응답이 가능해졌어요.
2025-06-13 18:18:00,User,새로운 공지 사항이 있을까?
2025-06-13 18:18:30,TenceAI,여름에 듣기 좋은 팝송을 추천해 드릴게요.
2025-06-13 18:19:00,User,"Tence AI, 오늘 날씨 어때?"
2025-06-13 18:19:30,TenceAI,고스트 프로 모델이 추가되어 더 빠른 응답이 가능해졌어요.
